Name,UserID,Avatar
Grace Martin,5b9f67da-4904-4315-ae61-96c99d69e5ad,https://randomuser.me/api/portraits/women/82.jpg
Alice White,c9bc01cb-76ce-4ec5-8544-2952a50a8379,https://randomuser.me/api/portraits/women/43.jpg
Alice Jackson,dcf0d737-e393-48ef-942a-fcd4936170f4,https://randomuser.me/api/portraits/men/98.jpg
Diana Johnson,40d3de40-abf9-44a6-ba58-d5e7a9e2d84b,https://randomuser.me/api/portraits/men/29.jpg
Diana Harris,be744ae9-ff10-4dcd-8bc2-2d4eced131e9,https://randomuser.me/api/portraits/men/49.jpg
Eve Johnson,5f97f4b4-cbd2-4721-8e8d-3ba1eb69d0ca,https://randomuser.me/api/portraits/women/7.jpg
Frank Taylor,9e1c3e37-38fb-4232-82ef-24e7520bc96d,https://randomuser.me/api/portraits/women/53.jpg
Eve Jackson,782edd4a-f369-495b-af60-cf3be6c3336c,https://randomuser.me/api/portraits/women/62.jpg
Charlie Taylor,a12e91f5-29b1-4c88-bd46-5b33b1d69db5,https://randomuser.me/api/portraits/men/39.jpg
Frank Harris,27bca36a-0420-40be-b2bc-e702191a92d9,https://randomuser.me/api/portraits/women/84.jpg
Frank White,c752c8e4-03ba-4ff4-8d29-1df1c1860388,https://randomuser.me/api/portraits/men/25.jpg
Grace Brown,13399616-fc6a-4712-87bc-9c46a88dd367,https://randomuser.me/api/portraits/women/1.jpg
Grace Brown,17d5fccd-108f-41ad-ba2b-a53df0976dc9,https://randomuser.me/api/portraits/men/14.jpg
Eve Jackson,18f64225-f402-4848-aca6-4c960b545309,https://randomuser.me/api/portraits/women/28.jpg
John White,ac2987b3-a64d-4631-972e-1020cb31a41f,https://randomuser.me/api/portraits/men/89.jpg
Eve Johnson,0353f324-4c30-420c-8753-846fad41b3ce,https://randomuser.me/api/portraits/women/84.jpg
John Thomas,e88fafc0-966f-49cd-a33e-37e51e0b1d2a,https://randomuser.me/api/portraits/men/31.jpg
Diana Harris,21ebcc93-4e18-4733-b3c6-74dae4d69c9d,https://randomuser.me/api/portraits/men/76.jpg
Jane Brown,320577c4-d9f2-40f6-a478-3c1518b11300,https://randomuser.me/api/portraits/men/97.jpg
Bob Martin,c9b89b1a-9d25-4321-8daa-0047eec6926a,https://randomuser.me/api/portraits/women/43.jpg
Alice Martin,16aa8d1f-b37a-4cad-b228-fe1cbb1e42d3,https://randomuser.me/api/portraits/men/88.jpg
Grace Taylor,8c5ea8d6-c78e-47c5-afee-a6aaf9541471,https://randomuser.me/api/portraits/men/10.jpg
Jane Johnson,8e428ac9-389b-429e-bc5f-73e143c4c5dd,https://randomuser.me/api/portraits/women/97.jpg
Bob Jackson,6e4d4148-6363-4478-ac06-ab2c0ffdc6aa,https://randomuser.me/api/portraits/women/74.jpg
Grace Martin,aaab42e0-ce19-4958-88bf-e2014e044f32,https://randomuser.me/api/portraits/men/81.jpg
Diana Anderson,ced44bd4-20c4-4bde-83f8-ce0b3f7e5b63,https://randomuser.me/api/portraits/women/22.jpg
Hank Taylor,994586ef-5017-44d8-aa6a-86e41711f143,https://randomuser.me/api/portraits/men/67.jpg
Charlie Thomas,81c8711a-c6d4-4fbd-962c-954935b6615d,https://randomuser.me/api/portraits/men/92.jpg
John White,4237131a-3f26-4b10-b626-7730d3631cf8,https://randomuser.me/api/portraits/men/71.jpg
Grace Thomas,7c2a78f5-7b81-45ca-bb6e-fd9065b4b506,https://randomuser.me/api/portraits/men/10.jpg
Charlie Smith,e50eceec-9350-4806-9fd4-7bd63799f847,https://randomuser.me/api/portraits/women/47.jpg
Alice Taylor,0f2b4c42-55ee-46c3-b29f-613d97c09b8b,https://randomuser.me/api/portraits/women/6.jpg
Eve White,a5e18da7-bb9c-403a-842a-8b9bac6c5bc8,https://randomuser.me/api/portraits/women/78.jpg
Jane Thomas,c796fb91-befd-47d4-8d93-8d8a652cc559,https://randomuser.me/api/portraits/men/16.jpg
Charlie Martin,082ddc93-4380-4c3e-8994-e0f56fdb0493,https://randomuser.me/api/portraits/women/77.jpg
Hank Anderson,a1d80e25-e548-47fd-8235-8e8b3518ac9f,https://randomuser.me/api/portraits/women/14.jpg
Diana Martin,aed1fbdf-0995-4dd3-a5a3-f850484b5ee2,https://randomuser.me/api/portraits/women/96.jpg
Jane Thomas,7fe117fd-e357-4134-ae0e-1840dd50aebd,https://randomuser.me/api/portraits/women/23.jpg
Frank Taylor,08ecf308-87f1-448a-ad04-05f0597a8be0,https://randomuser.me/api/portraits/men/18.jpg
John Jackson,d1190471-990c-4aef-b0c1-7bdf50a6c4b7,https://randomuser.me/api/portraits/men/64.jpg
Eve Taylor,b06ce166-5ea4-4481-bfcb-65d2b3a5d433,https://randomuser.me/api/portraits/men/41.jpg
Bob Taylor,bf1515c8-7ca7-47dd-aec3-60bd58c46594,https://randomuser.me/api/portraits/men/57.jpg
Alice Taylor,9efd63ce-429a-408f-b281-d3c6af19beac,https://randomuser.me/api/portraits/women/0.jpg
Jane Thomas,58748cd7-ac2f-402f-bf21-90ad56058937,https://randomuser.me/api/portraits/women/30.jpg
Bob Thomas,ca2d1d50-3b55-4f0f-b4e5-252194bfe100,https://randomuser.me/api/portraits/men/83.jpg
Frank Brown,d956ae35-c007-4114-9a29-eda286fa77d4,https://randomuser.me/api/portraits/men/79.jpg
Diana Martin,0e554b39-1cd8-4838-98df-6ad47cb20dc2,https://randomuser.me/api/portraits/men/68.jpg
Frank Jackson,3a1c0654-2e68-470b-a870-272f080d9280,https://randomuser.me/api/portraits/women/11.jpg
Alice Brown,eb541ca6-d641-4d8f-835a-635ee9c6395a,https://randomuser.me/api/portraits/men/78.jpg
Eve Johnson,a4cd36a5-aa64-4f77-9c5d-bc6276723e36,https://randomuser.me/api/portraits/women/83.jpg
Alice Taylor,c5742adb-eb79-4733-b7e7-9bd48c1611ec,https://randomuser.me/api/portraits/men/84.jpg
Grace White,b73d90a6-418e-4172-b2a9-89ef34aeb882,https://randomuser.me/api/portraits/women/84.jpg
Jane Martin,8021d0b2-7e69-47a2-a7e6-5d174dc639ac,https://randomuser.me/api/portraits/women/28.jpg
Diana Smith,9f0ec179-8b6f-4fac-89c3-9346bf273aea,https://randomuser.me/api/portraits/women/37.jpg
Diana Anderson,b4f2dd56-9fe3-4425-a85a-027bedf6ec58,https://randomuser.me/api/portraits/men/36.jpg
Grace Brown,74fdb2fe-3cb7-4fee-9f23-e711f9008900,https://randomuser.me/api/portraits/men/78.jpg
Frank White,1b682a19-aedc-4f5c-9dd7-665f5ce27ad4,https://randomuser.me/api/portraits/men/68.jpg
Diana Brown,83350458-7649-4536-897f-9fc8cdc8e913,https://randomuser.me/api/portraits/men/45.jpg
Charlie Martin,3a4e9046-74e8-43a1-82ae-9b247f56849f,https://randomuser.me/api/portraits/men/57.jpg
Bob Anderson,841ac24d-aa65-425c-bc14-25f088f78f03,https://randomuser.me/api/portraits/women/36.jpg
Alice Johnson,52f93d7c-6c51-4026-9955-16c49048b08f,https://randomuser.me/api/portraits/women/65.jpg
Bob Smith,73787cbf-5a84-45d6-9d2a-30c7331c1278,https://randomuser.me/api/portraits/men/19.jpg
Bob Martin,2ece9a7b-19e3-4f0a-ab15-0bb68f69d15c,https://randomuser.me/api/portraits/men/14.jpg
Charlie Jackson,2447f8cb-4343-4d4a-905d-ebef544d20f4,https://randomuser.me/api/portraits/women/88.jpg
Diana Thomas,8b1bb9cf-6d44-4bc0-b07e-3447ddbfc8b2,https://randomuser.me/api/portraits/women/28.jpg
Diana Jackson,cf27d4f2-df98-41f6-a136-ba1821b6f4b5,https://randomuser.me/api/portraits/women/45.jpg
Eve White,45439118-90e9-4336-ad27-87ba4d45b2a7,https://randomuser.me/api/portraits/men/47.jpg
Alice Taylor,d2804bcc-3149-4e50-9ab6-2230026f96bb,https://randomuser.me/api/portraits/men/85.jpg
Alice White,5a569b76-ca3d-48d8-baaa-e0c2123b46fb,https://randomuser.me/api/portraits/women/66.jpg
Alice Thomas,f4407925-3cd9-41d0-997c-cf611cce91ff,https://randomuser.me/api/portraits/men/10.jpg
Grace Martin,57729ca7-15d4-4290-9baa-545b2e36ebcf,https://randomuser.me/api/portraits/men/8.jpg
Jane Anderson,7fc8333c-5b63-4f36-8d5f-421b9683e3d1,https://randomuser.me/api/portraits/men/76.jpg
Bob Martin,43139efd-5cfe-4d1d-89a4-fb5b8c875713,https://randomuser.me/api/portraits/men/39.jpg
Diana Johnson,44e725e5-7b12-44ef-937c-01169b8fc9a2,https://randomuser.me/api/portraits/men/97.jpg
Grace Brown,9ea94906-7bc4-4c57-960b-c98451bc9dc0,https://randomuser.me/api/portraits/women/2.jpg
Eve Martin,fcb39134-dc60-417c-a4f1-d34c39600a9b,https://randomuser.me/api/portraits/women/11.jpg
Bob Johnson,f2709a99-0a1c-4ba1-a635-66a947c6514e,https://randomuser.me/api/portraits/men/26.jpg
Frank Thomas,9db01f01-6872-429d-8bce-376108575ecb,https://randomuser.me/api/portraits/men/52.jpg
Hank White,20e30bc4-918e-47d5-8838-d73757389bda,https://randomuser.me/api/portraits/men/95.jpg
Hank Smith,d58e924f-3ce1-4abe-948e-3c46c5a7f7f9,https://randomuser.me/api/portraits/men/33.jpg
Alice Taylor,2227021b-88d6-45d9-bdd0-f8d532294f2a,https://randomuser.me/api/portraits/men/17.jpg
Grace White,7ab820c0-2543-44e5-831a-22dec5c5d361,https://randomuser.me/api/portraits/women/21.jpg
Alice Smith,33d45923-e6ba-4872-870f-f826e7f0bd0d,https://randomuser.me/api/portraits/women/11.jpg
Alice Smith,143ee6e9-f06d-4ff3-82db-c216e4009530,https://randomuser.me/api/portraits/women/16.jpg
Bob Taylor,1f1cfa6b-9868-4807-b510-ca9cc9cf9329,https://randomuser.me/api/portraits/women/88.jpg
Jane Martin,3719a1ba-00f3-48df-90b3-286ca9d20376,https://randomuser.me/api/portraits/men/37.jpg
Bob White,99535719-6449-4b18-af0c-efdb35911d4f,https://randomuser.me/api/portraits/men/98.jpg
Diana Thomas,7c9c123e-6842-4f3a-8d68-43102be43749,https://randomuser.me/api/portraits/women/74.jpg
Bob Taylor,b79aa847-2bc3-45c7-b8f5-38269398a5ce,https://randomuser.me/api/portraits/women/86.jpg
Bob Smith,02f8f172-db46-4c36-aecd-fd46ce6866d2,https://randomuser.me/api/portraits/women/72.jpg
Hank Harris,d3047bc9-f67f-41a1-88bf-54ef9ef6bcfd,https://randomuser.me/api/portraits/women/95.jpg
John Thomas,c801ab17-48c8-4f3a-958c-97c41f114648,https://randomuser.me/api/portraits/women/48.jpg
Jane Martin,d45903ce-b371-4853-9fb2-3d531d70d31d,https://randomuser.me/api/portraits/women/76.jpg
Eve Anderson,902d090e-88ec-41f4-aad4-8e464a90b593,https://randomuser.me/api/portraits/men/13.jpg
Alice White,88fd0287-4f50-4482-b63c-a681ffa457f3,https://randomuser.me/api/portraits/women/93.jpg
Diana Thomas,7f23f399-b13b-4b38-9192-367c4abd995f,https://randomuser.me/api/portraits/women/21.jpg
Charlie White,39b063fe-eb26-49c0-8e3e-b8fcfb27287e,https://randomuser.me/api/portraits/women/96.jpg
Diana Johnson,8ef07f5e-1792-4763-a8ec-a34077836afa,https://randomuser.me/api/portraits/women/38.jpg
Grace Johnson,b452e5ef-755c-455f-aa3e-f5b813163878,https://randomuser.me/api/portraits/men/99.jpg
Diana Anderson,dabe195e-b5d9-42a8-b508-842655471561,https://randomuser.me/api/portraits/men/57.jpg
